--
-- PostgreSQL database dump
--

-- Dumped from database version 16.8
-- Dumped by pg_dump version 16.5

SET statement_timeout = 0;
SET lock_timeout = 0;
SET idle_in_transaction_session_timeout = 0;
SET client_encoding = 'UTF8';
SET standard_conforming_strings = on;
SELECT pg_catalog.set_config('search_path', '', false);
SET check_function_bodies = false;
SET xmloption = content;
SET client_min_messages = warning;
SET row_security = off;

--
-- Name: public; Type: SCHEMA; Schema: -; Owner: neondb_owner
--

-- *not* creating schema, since initdb creates it


ALTER SCHEMA public OWNER TO neondb_owner;

--
-- Name: SCHEMA public; Type: COMMENT; Schema: -; Owner: neondb_owner
--

COMMENT ON SCHEMA public IS '';


SET default_tablespace = '';

SET default_table_access_method = heap;

--
-- Name: checkins; Type: TABLE; Schema: public; Owner: neondb_owner
--

CREATE TABLE public.checkins (
    id integer NOT NULL,
    user_id integer NOT NULL,
    check_in_time timestamp without time zone NOT NULL,
    is_active boolean DEFAULT true NOT NULL,
    club_index integer DEFAULT 34 NOT NULL,
    check_in_date text NOT NULL,
    game_set_id integer DEFAULT 1 NOT NULL,
    queue_position integer DEFAULT 1 NOT NULL,
    game_id integer,
    type text DEFAULT 'manual'::text NOT NULL,
    team integer
);


ALTER TABLE public.checkins OWNER TO neondb_owner;

--
-- Name: checkins_id_seq; Type: SEQUENCE; Schema: public; Owner: neondb_owner
--

CREATE SEQUENCE public.checkins_id_seq
    AS integer
    START WITH 1
    INCREMENT BY 1
    NO MINVALUE
    NO MAXVALUE
    CACHE 1;


ALTER SEQUENCE public.checkins_id_seq OWNER TO neondb_owner;

--
-- Name: checkins_id_seq; Type: SEQUENCE OWNED BY; Schema: public; Owner: neondb_owner
--

ALTER SEQUENCE public.checkins_id_seq OWNED BY public.checkins.id;


--
-- Name: game_players; Type: TABLE; Schema: public; Owner: neondb_owner
--

CREATE TABLE public.game_players (
    id integer NOT NULL,
    game_id integer NOT NULL,
    user_id integer NOT NULL,
    team integer NOT NULL,
    relative_position integer
);


ALTER TABLE public.game_players OWNER TO neondb_owner;

--
-- Name: game_players_id_seq; Type: SEQUENCE; Schema: public; Owner: neondb_owner
--

CREATE SEQUENCE public.game_players_id_seq
    AS integer
    START WITH 1
    INCREMENT BY 1
    NO MINVALUE
    NO MAXVALUE
    CACHE 1;


ALTER SEQUENCE public.game_players_id_seq OWNER TO neondb_owner;

--
-- Name: game_players_id_seq; Type: SEQUENCE OWNED BY; Schema: public; Owner: neondb_owner
--

ALTER SEQUENCE public.game_players_id_seq OWNED BY public.game_players.id;


--
-- Name: game_sets; Type: TABLE; Schema: public; Owner: neondb_owner
--

CREATE TABLE public.game_sets (
    id integer NOT NULL,
    created_at timestamp without time zone DEFAULT now() NOT NULL,
    created_by integer NOT NULL,
    players_per_team integer DEFAULT 4 NOT NULL,
    gym text DEFAULT 'fonde'::text NOT NULL,
    max_consecutive_games integer DEFAULT 2 NOT NULL,
    time_limit integer DEFAULT 15 NOT NULL,
    win_score integer DEFAULT 21 NOT NULL,
    point_system text DEFAULT '2s and 3s'::text NOT NULL,
    is_active boolean DEFAULT true NOT NULL,
    number_of_courts integer DEFAULT 2 NOT NULL,
    current_queue_position integer DEFAULT 1 NOT NULL,
    queue_next_up integer DEFAULT 1 NOT NULL
);


ALTER TABLE public.game_sets OWNER TO neondb_owner;

--
-- Name: game_sets_id_seq; Type: SEQUENCE; Schema: public; Owner: neondb_owner
--

CREATE SEQUENCE public.game_sets_id_seq
    AS integer
    START WITH 1
    INCREMENT BY 1
    NO MINVALUE
    NO MAXVALUE
    CACHE 1;


ALTER SEQUENCE public.game_sets_id_seq OWNER TO neondb_owner;

--
-- Name: game_sets_id_seq; Type: SEQUENCE OWNED BY; Schema: public; Owner: neondb_owner
--

ALTER SEQUENCE public.game_sets_id_seq OWNED BY public.game_sets.id;


--
-- Name: games; Type: TABLE; Schema: public; Owner: neondb_owner
--

CREATE TABLE public.games (
    id integer NOT NULL,
    set_id integer NOT NULL,
    start_time timestamp without time zone NOT NULL,
    end_time timestamp without time zone,
    team1_score integer,
    team2_score integer,
    club_index integer DEFAULT 34 NOT NULL,
    court text NOT NULL,
    state text DEFAULT 'started'::text NOT NULL
);


ALTER TABLE public.games OWNER TO neondb_owner;

--
-- Name: games_id_seq; Type: SEQUENCE; Schema: public; Owner: neondb_owner
--

CREATE SEQUENCE public.games_id_seq
    AS integer
    START WITH 1
    INCREMENT BY 1
    NO MINVALUE
    NO MAXVALUE
    CACHE 1;


ALTER SEQUENCE public.games_id_seq OWNER TO neondb_owner;

--
-- Name: games_id_seq; Type: SEQUENCE OWNED BY; Schema: public; Owner: neondb_owner
--

ALTER SEQUENCE public.games_id_seq OWNED BY public.games.id;


--
-- Name: session; Type: TABLE; Schema: public; Owner: neondb_owner
--

CREATE TABLE public.session (
    sid character varying NOT NULL,
    sess json NOT NULL,
    expire timestamp(6) without time zone NOT NULL
);


ALTER TABLE public.session OWNER TO neondb_owner;

--
-- Name: users; Type: TABLE; Schema: public; Owner: neondb_owner
--

CREATE TABLE public.users (
    id integer NOT NULL,
    username text NOT NULL,
    password text NOT NULL,
    first_name text,
    last_name text,
    email text,
    phone text,
    birth_year integer NOT NULL,
    birth_month integer,
    birth_day integer,
    is_player boolean DEFAULT true NOT NULL,
    is_bank boolean DEFAULT false NOT NULL,
    is_book boolean DEFAULT false NOT NULL,
    is_engineer boolean DEFAULT false NOT NULL,
    is_root boolean DEFAULT false NOT NULL,
    autoup boolean DEFAULT true NOT NULL
);


ALTER TABLE public.users OWNER TO neondb_owner;

--
-- Name: users_id_seq; Type: SEQUENCE; Schema: public; Owner: neondb_owner
--

CREATE SEQUENCE public.users_id_seq
    AS integer
    START WITH 1
    INCREMENT BY 1
    NO MINVALUE
    NO MAXVALUE
    CACHE 1;


ALTER SEQUENCE public.users_id_seq OWNER TO neondb_owner;

--
-- Name: users_id_seq; Type: SEQUENCE OWNED BY; Schema: public; Owner: neondb_owner
--

ALTER SEQUENCE public.users_id_seq OWNED BY public.users.id;


--
-- Name: checkins id; Type: DEFAULT; Schema: public; Owner: neondb_owner
--

ALTER TABLE ONLY public.checkins ALTER COLUMN id SET DEFAULT nextval('public.checkins_id_seq'::regclass);


--
-- Name: game_players id; Type: DEFAULT; Schema: public; Owner: neondb_owner
--

ALTER TABLE ONLY public.game_players ALTER COLUMN id SET DEFAULT nextval('public.game_players_id_seq'::regclass);


--
-- Name: game_sets id; Type: DEFAULT; Schema: public; Owner: neondb_owner
--

ALTER TABLE ONLY public.game_sets ALTER COLUMN id SET DEFAULT nextval('public.game_sets_id_seq'::regclass);


--
-- Name: games id; Type: DEFAULT; Schema: public; Owner: neondb_owner
--

ALTER TABLE ONLY public.games ALTER COLUMN id SET DEFAULT nextval('public.games_id_seq'::regclass);


--
-- Name: users id; Type: DEFAULT; Schema: public; Owner: neondb_owner
--

ALTER TABLE ONLY public.users ALTER COLUMN id SET DEFAULT nextval('public.users_id_seq'::regclass);


--
-- Data for Name: checkins; Type: TABLE DATA; Schema: public; Owner: neondb_owner
--

COPY public.checkins (id, user_id, check_in_time, is_active, club_index, check_in_date, game_set_id, queue_position, game_id, type, team) FROM stdin;
40	8	2025-03-27 17:05:40.153729	f	34	2025-03-27	2	20	\N	autoup:1	\N
39	7	2025-03-27 17:05:40.153729	f	34	2025-03-27	2	19	\N	autoup:1	\N
38	6	2025-03-27 17:05:40.153729	f	34	2025-03-27	2	18	\N	autoup:1	\N
37	5	2025-03-27 17:05:40.153729	f	34	2025-03-27	2	17	\N	autoup:1	\N
41	9	2025-03-27 17:07:15.013412	t	34	2025-03-27	2	17	\N	loss_promoted:2	2
42	10	2025-03-27 17:07:15.013412	t	34	2025-03-27	2	18	\N	loss_promoted:2	2
43	11	2025-03-27 17:07:15.013412	t	34	2025-03-27	2	19	\N	loss_promoted:2	2
44	12	2025-03-27 17:07:15.013412	t	34	2025-03-27	2	20	\N	loss_promoted:2	2
14	2	2025-03-27 16:59:34.293232	f	34	2025-03-27	1	10	\N	win_promoted:1	1
15	3	2025-03-27 16:59:34.293232	f	34	2025-03-27	1	11	\N	win_promoted:1	1
16	4	2025-03-27 16:59:34.293232	f	34	2025-03-27	1	12	\N	win_promoted:1	1
17	5	2025-03-27 16:59:34.293232	f	34	2025-03-27	1	17	\N	autoup:1	\N
18	6	2025-03-27 16:59:34.293232	f	34	2025-03-27	1	18	\N	autoup:1	\N
19	7	2025-03-27 16:59:34.293232	f	34	2025-03-27	1	19	\N	autoup:1	\N
20	8	2025-03-27 16:59:34.293232	f	34	2025-03-27	1	20	\N	autoup:1	\N
2	2	2025-03-27 10:58:56.483	f	34	2025-03-27	1	2	1	manual	1
46	2	2025-03-27 17:07:15.013412	t	34	2025-03-27	2	26	\N	autoup:2	\N
47	3	2025-03-27 17:07:15.013412	t	34	2025-03-27	2	27	\N	autoup:2	\N
48	4	2025-03-27 17:07:15.013412	t	34	2025-03-27	2	28	\N	autoup:2	\N
1	0	2025-03-27 10:58:56.243	f	34	2025-03-27	1	1	1	manual	1
45	0	2025-03-27 17:07:15.013412	t	34	2025-03-27	2	25	\N	autoup:2	\N
13	0	2025-03-27 16:59:34.293232	f	34	2025-03-27	1	9	\N	win_promoted:1	1
33	0	2025-03-27 17:05:40.153729	f	34	2025-03-27	2	9	3	win_promoted:1	1
3	3	2025-03-27 10:58:56.717	f	34	2025-03-27	1	3	1	manual	1
4	4	2025-03-27 10:58:56.948	f	34	2025-03-27	1	4	1	manual	1
5	5	2025-03-27 10:58:57.179	f	34	2025-03-27	1	5	1	manual	2
6	6	2025-03-27 10:58:57.414	f	34	2025-03-27	1	6	1	manual	2
21	0	2025-03-27 11:04:42.659	f	34	2025-03-27	2	1	2	manual	1
7	7	2025-03-27 10:58:57.645	f	34	2025-03-27	1	7	1	manual	2
8	8	2025-03-27 10:58:57.878	f	34	2025-03-27	1	8	1	manual	2
9	9	2025-03-27 10:58:58.108	f	34	2025-03-27	1	13	\N	manual	\N
10	10	2025-03-27 10:58:58.339	f	34	2025-03-27	1	14	\N	manual	\N
11	11	2025-03-27 10:58:58.572	f	34	2025-03-27	1	15	\N	manual	\N
12	12	2025-03-27 10:58:58.809	f	34	2025-03-27	1	16	\N	manual	\N
34	2	2025-03-27 17:05:40.153729	f	34	2025-03-27	2	10	3	win_promoted:1	1
35	3	2025-03-27 17:05:40.153729	f	34	2025-03-27	2	11	3	win_promoted:1	1
36	4	2025-03-27 17:05:40.153729	f	34	2025-03-27	2	12	3	win_promoted:1	1
29	9	2025-03-27 11:04:44.542	f	34	2025-03-27	2	13	3	manual	2
22	2	2025-03-27 11:04:42.904	f	34	2025-03-27	2	2	2	manual	1
23	3	2025-03-27 11:04:43.138	f	34	2025-03-27	2	3	2	manual	1
24	4	2025-03-27 11:04:43.371	f	34	2025-03-27	2	4	2	manual	1
25	5	2025-03-27 11:04:43.606	f	34	2025-03-27	2	5	2	manual	2
26	6	2025-03-27 11:04:43.841	f	34	2025-03-27	2	6	2	manual	2
27	7	2025-03-27 11:04:44.074	f	34	2025-03-27	2	7	2	manual	2
28	8	2025-03-27 11:04:44.308	f	34	2025-03-27	2	8	2	manual	2
30	10	2025-03-27 11:04:44.813	f	34	2025-03-27	2	14	3	manual	2
31	11	2025-03-27 11:04:45.047	f	34	2025-03-27	2	15	3	manual	2
32	12	2025-03-27 11:04:45.283	f	34	2025-03-27	2	16	3	manual	2
\.


--
-- Data for Name: game_players; Type: TABLE DATA; Schema: public; Owner: neondb_owner
--

COPY public.game_players (id, game_id, user_id, team, relative_position) FROM stdin;
2	1	2	1	1
3	1	3	1	1
4	1	4	1	1
5	1	5	2	1
6	1	6	2	1
7	1	7	2	1
8	1	8	2	1
10	2	2	1	1
11	2	3	1	1
12	2	4	1	1
13	2	5	2	1
14	2	6	2	1
15	2	7	2	1
16	2	8	2	1
1	1	0	1	1
9	2	0	1	1
18	3	2	1	2
19	3	3	1	3
20	3	4	1	4
21	3	9	2	1
22	3	10	2	1
23	3	11	2	1
24	3	12	2	1
17	3	0	1	1
\.


--
-- Data for Name: game_sets; Type: TABLE DATA; Schema: public; Owner: neondb_owner
--

COPY public.game_sets (id, created_at, created_by, players_per_team, gym, max_consecutive_games, time_limit, win_score, point_system, is_active, number_of_courts, current_queue_position, queue_next_up) FROM stdin;
1	2025-03-27 10:58:55.909	0	4	fonde	2	15	21	2s and 3s	f	2	9	21
2	2025-03-27 11:04:39.614	0	4	fonde	2	15	21	2s and 3s	t	2	17	29
\.


--
-- Data for Name: games; Type: TABLE DATA; Schema: public; Owner: neondb_owner
--

COPY public.games (id, set_id, start_time, end_time, team1_score, team2_score, club_index, court, state) FROM stdin;
1	1	2025-03-27 16:59:22.865555	2025-03-27 16:59:34.293232	21	4	34	1	completed
2	2	2025-03-27 17:04:55.318136	2025-03-27 17:05:40.153729	21	4	34	1	completed
3	2	2025-03-27 17:06:02.563264	2025-03-27 17:07:15.013412	32	3	34	1	completed
\.


--
-- Data for Name: session; Type: TABLE DATA; Schema: public; Owner: neondb_owner
--

COPY public.session (sid, sess, expire) FROM stdin;
_M-N5uZUfxiSQi9LYFst-yMWfasJTFrb	{"cookie":{"originalMaxAge":null,"expires":null,"httpOnly":true,"path":"/"},"passport":{"user":0}}	2025-03-28 17:48:53
\.


--
-- Data for Name: users; Type: TABLE DATA; Schema: public; Owner: neondb_owner
--

COPY public.users (id, username, password, first_name, last_name, email, phone, birth_year, birth_month, birth_day, is_player, is_bank, is_book, is_engineer, is_root, autoup) FROM stdin;
2	bo	d1fcd5eeb7c7ff4951f78fe2dbd0e7b7e54b2e6e5130879a0cf71118b992f916d3ebc32a20d3a858a4cca173266f378e8da734ba44fa211c641129498ee51063.5ff8955813308ae29469a48d53888015					2025	\N	\N	t	f	f	f	f	t
3	kennyg	75bde7698bf3416e712f6440aa5ede2d2369525fcdb6ccc6faa774a237ae9a6a4f42832de10613a6517f19beb344b788956f97a7e6a5f9a6cf88b2019ee0c700.98513004903fb6525a5e611c58579d74					2025	\N	\N	t	f	f	f	f	t
4	hakeem	d81fbb0df6a8a8e6d62bf2e4467e965c41eac88b936514d90afab9424a4db06b9137f7db2fbd6a1738d0ea859fa8a15a97f554cc3aac5e1af5c317f0cef06059.a911970c4beabdeb6e823380458e6dbb					2025	\N	\N	t	f	f	f	f	t
5	mcghee	a2fd5b07c1ba32eaa2aa4a7e57d728a6de578dec11502681df691885a1570c75b389b223bfdaad2edd8bd22d3cb147a193eb9efa3a0ec77bdaf9ebc6efb580ea.82af35532a485e41f0d85c1ef594b53e					1944	\N	\N	t	f	f	f	f	t
6	reggie	bcd33827a957689ce786606dc09721d06bed27fef1010cdc9fb15f78c11bfc4507f90352bcd63de18e0648ce16017de6c6a3ae45c72ab6d56c538648adf16472.0ab63fdae8d5cdd7730f7b5acdccf8de					2025	\N	\N	t	f	f	f	f	t
7	charles	959b5b773056553cf2ff766c19f89495c43f543292b0d6093f88a8deb8752d5e890f04017575febf6ed16912f7d7c77db99e874904541e34d50a54d44f121c0d.a370e5f15580064bae46df22e8f3810e					2025	\N	\N	t	f	f	f	f	t
8	mp3	1482ac66d6815d6172a809ea05d81d4b984997ad3ccf6410f290954752e534fb11999dd0d805803e685686fc1f2d001723ef491ead2bf0c4449014d5ce17d7a3.de97275aa78a3f2bae3e89c338d0a9c8					2025	\N	\N	t	f	f	f	f	t
9	jennifer	9db70b4390e327ab4eb0c0c2b64d60e3e5803e90f6f2c7ff38df057f7dcd7e6213e186694d1b29bb9d7f1e0c08077c2bcb1f942b87a2e901c75f3896b217d7ff.73a441bb74195e4be68c2065e6a443df					2025	\N	\N	t	f	f	f	f	t
10	cleo	f514e6b43f4c0c4297da0947498a7bd27d8d08a08f60ce327856f2929c737770c09db9c8501f7bd2dcc8650ef2134341f150da893a6bfcbf778b420b100c3069.f5b3bf4f6dee867d4f61c1ee366a483f					1945	\N	\N	t	f	f	f	f	t
11	zelle	5c15e88ccfc458d0f0fe6a9b4c54a8addf683101e2f0d4bbcd4116095438253370dc98174a90954e999c44f126af8dd6cf5bf6550cfb1827ec9421563d784dd4.8d26d4626541be6bc445cd2f75aaf976					2025	\N	\N	t	f	f	f	f	t
12	66	120990a1234ebe2287ae4c573c0cd265067ef0023e3f5661cde6637ce829fd7dd136122497226d8d9ea380fd37329059266a742ee1bf165c9fe1d71d3535cc37.928fd89612bafd3b0bfd568e931530c9					2025	\N	\N	t	f	f	f	f	t
13	kevin	f569ab01c8f78c1b331ec012aea118c215b55c1b3d8ca4f375821782a81e785a6219616967b5c96f2a45e4ee396e2740a6f5b52dd5b84cae1a1a6d7b6f1a6c24.75fb996aa177cdfffc0f60e3a8f994bf					1963	\N	\N	t	f	f	f	f	t
14	nick	38875ba3786b4e5c0da186ef5e9f2f332697fecb22dd9033206e996fb05c2566ab69bfafd39a605a30211dad0c0338c5a033f2375d3e56cacdcf203ee4f63cca.d382c24de5c6706dcf46caff3eec955d					1970	\N	\N	t	f	f	f	f	t
0	scuzzydude	e6f2039944019b823f9e43d07588a567dbf071ad95e7b476db40308496bb0ebc00a454a2d2d08007fd9f72667b56297b5a427777c3085668770089e2add4617b.541ebb7e821a394e821be3ed5b1e5141	\N	\N	\N	\N	2000	\N	\N	t	f	f	t	t	t
\.


--
-- Name: checkins_id_seq; Type: SEQUENCE SET; Schema: public; Owner: neondb_owner
--

SELECT pg_catalog.setval('public.checkins_id_seq', 48, true);


--
-- Name: game_players_id_seq; Type: SEQUENCE SET; Schema: public; Owner: neondb_owner
--

SELECT pg_catalog.setval('public.game_players_id_seq', 24, true);


--
-- Name: game_sets_id_seq; Type: SEQUENCE SET; Schema: public; Owner: neondb_owner
--

SELECT pg_catalog.setval('public.game_sets_id_seq', 2, true);


--
-- Name: games_id_seq; Type: SEQUENCE SET; Schema: public; Owner: neondb_owner
--

SELECT pg_catalog.setval('public.games_id_seq', 3, true);


--
-- Name: users_id_seq; Type: SEQUENCE SET; Schema: public; Owner: neondb_owner
--

SELECT pg_catalog.setval('public.users_id_seq', 14, true);


--
-- Name: checkins checkins_pkey; Type: CONSTRAINT; Schema: public; Owner: neondb_owner
--

ALTER TABLE ONLY public.checkins
    ADD CONSTRAINT checkins_pkey PRIMARY KEY (id);


--
-- Name: game_players game_players_pkey; Type: CONSTRAINT; Schema: public; Owner: neondb_owner
--

ALTER TABLE ONLY public.game_players
    ADD CONSTRAINT game_players_pkey PRIMARY KEY (id);


--
-- Name: game_sets game_sets_pkey; Type: CONSTRAINT; Schema: public; Owner: neondb_owner
--

ALTER TABLE ONLY public.game_sets
    ADD CONSTRAINT game_sets_pkey PRIMARY KEY (id);


--
-- Name: games games_pkey; Type: CONSTRAINT; Schema: public; Owner: neondb_owner
--

ALTER TABLE ONLY public.games
    ADD CONSTRAINT games_pkey PRIMARY KEY (id);


--
-- Name: session session_pkey; Type: CONSTRAINT; Schema: public; Owner: neondb_owner
--

ALTER TABLE ONLY public.session
    ADD CONSTRAINT session_pkey PRIMARY KEY (sid);


--
-- Name: users users_pkey; Type: CONSTRAINT; Schema: public; Owner: neondb_owner
--

ALTER TABLE ONLY public.users
    ADD CONSTRAINT users_pkey PRIMARY KEY (id);


--
-- Name: users users_username_key; Type: CONSTRAINT; Schema: public; Owner: neondb_owner
--

ALTER TABLE ONLY public.users
    ADD CONSTRAINT users_username_key UNIQUE (username);


--
-- Name: idx_session_expire; Type: INDEX; Schema: public; Owner: neondb_owner
--

CREATE INDEX idx_session_expire ON public.session USING btree (expire);


--
-- Name: SCHEMA public; Type: ACL; Schema: -; Owner: neondb_owner
--

REVOKE USAGE ON SCHEMA public FROM PUBLIC;


--
-- Name: DEFAULT PRIVILEGES FOR SEQUENCES; Type: DEFAULT ACL; Schema: public; Owner: cloud_admin
--

ALTER DEFAULT PRIVILEGES FOR ROLE cloud_admin IN SCHEMA public GRANT ALL ON SEQUENCES TO neon_superuser WITH GRANT OPTION;


--
-- Name: DEFAULT PRIVILEGES FOR TABLES; Type: DEFAULT ACL; Schema: public; Owner: cloud_admin
--

ALTER DEFAULT PRIVILEGES FOR ROLE cloud_admin IN SCHEMA public GRANT ALL ON TABLES TO neon_superuser WITH GRANT OPTION;


--
-- PostgreSQL database dump complete
--

